data_provider,use_case,logo,data_category
37AUSTEN,"Hedge Fund Management,Predictive Maintenance",https://img-proxy.datarade.net/x80/https://datarade.ams3.cdn.digitaloceanspaces.com/logos/production/vendor/37austen_a51d772147803423.png,"Legal and IP Data,Trade Data,Stock & Market Data,Economic Data"
40Geo,Smart Ship,https://img-proxy.datarade.net/x80/https://datarade.ams3.cdn.digitaloceanspaces.com/logos/production/vendor/40geo_618bcfa7f4f87b4f.png,Satellite Data
505 Economics,Portfolio Management,https://img-proxy.datarade.net/x80/https://datarade.ams3.cdn.digitaloceanspaces.com/logos/production/vendor/505-economics_ce57c072ff61b3d5.png,"Environmental Data,Economic Data"
90 West Data,"Portfolio Management,Trend Forecasting,Persona Detection/Segmentation",https://img-proxy.datarade.net/x80/https://datarade.ams3.cdn.digitaloceanspaces.com/logos/production/vendor/90-west-data_56bff769e1caa378.png,"Retail & Commerce Data,Individual Data,Economic Data,Tourism Data,Hospitality Industry Data,Consumer Lifestyle Data,Energy Data"
A2A,"Behavioral Targeting,Targeted Marketing,Mobile App Development",https://img-proxy.datarade.net/x80/https://datarade.ams3.cdn.digitaloceanspaces.com/logos/production/vendor/a2a_6431b75e889a4c84.png,GPS Data
Above Data,"Hedge Fund Management,Competitor Analysis,Trend Forecasting,Portfolio Management",https://img-proxy.datarade.net/x80/https://datarade.ams3.cdn.digitaloceanspaces.com/logos/production/vendor/above-data_8ac9c4e8dc4923e2.jpeg,"Individual Data,TV Streaming Rating Data,Economic Data,Automotive Industry Data,Company Data,App Data,B2B Intent Data,,B2B Data,Sports & Entertainment Data,Retail & Commerce Data,Employment Data,Environmental Data,Social Data,Commodity Market Data"
Accutrend,"Portfolio Management,B2B Credit Risk,Account-Based Marketing,Competitor Analysis",https://img-proxy.datarade.net/x80/https://datarade.ams3.cdn.digitaloceanspaces.com/logos/production/vendor/accutrend-data.jpg,"Commodity Market Data,,Business Credit Rating Data,B2B Data,B2B Marketing Fit Data,Economic Data,Business Registry Data,Firmographic Data"
ACLED Data,Supplier Risk,https://img-proxy.datarade.net/x80/https://datarade.ams3.cdn.digitaloceanspaces.com/logos/production/vendor/acled_b21f195fe1a1462c.png,"News Data,Sports & Entertainment Events Data,Political Data"
Act Analytics,Supplier Risk,https://img-proxy.datarade.net/x80/https://datarade.ams3.cdn.digitaloceanspaces.com/logos/production/vendor/act-analytics_7ed576832efc8fb4.png,"Environmental Data,Economic Data"
Address-Base,,https://img-proxy.datarade.net/x80/https://datarade.ams3.cdn.digitaloceanspaces.com/logos/production/vendor/address-base_fcec70caff5c9308.png,B2B Data
ADDS Corporation,Account-Based Marketing,https://img-proxy.datarade.net/x80/https://datarade.ams3.cdn.digitaloceanspaces.com/logos/production/vendor/adds-corporation_7d883e51d86b23f8.png,"B2B Intent Data,B2B Marketing Fit Data,B2B Data"
AdZapier,"Persona Detection/Segmentation,Targeted Marketing",https://img-proxy.datarade.net/x80/https://datarade.ams3.cdn.digitaloceanspaces.com/logos/production/vendor/adzapier_363e4d7325931b56.jpg,"Web Data,Individual Data,Website Traffic Data,Identity Data,IP Data,,Consumer Lifestyle Data,Online/Mobile Data"
Agents Republic,,https://img-proxy.datarade.net/x80/https://datarade.ams3.cdn.digitaloceanspaces.com/logos/production/vendor/agents-republic_caba02f8065721de.png,
Agrud Technologies,Hedge Fund Management,https://img-proxy.datarade.net/x80/https://datarade.ams3.cdn.digitaloceanspaces.com/logos/production/vendor/agrud-technologies_ea0b82603b4f80a3.jpeg,"Economic Data,Stock & Market Data"
AI Keyboard,"Targeted Marketing,Online and Social Media Performance Tracking,Persona Detection/Segmentation",https://img-proxy.datarade.net/x80/https://datarade.ams3.cdn.digitaloceanspaces.com/logos/production/vendor/bobble-ai_2a47532eb77277ac.jpg,"Online/Mobile Data,App Data,Individual Data,,SEO & Web Advertising Data,Consumer Lifestyle Data,Demographic Data"
Ainnotate,,https://img-proxy.datarade.net/x80/https://datarade.ams3.cdn.digitaloceanspaces.com/logos/production/vendor/ainnotate_9cfc120e01f53ae7.jpg,"Automotive Industry Data,"
Airbtics,"Property Future Value & Mortgage Value Assessment,Portfolio Management,Algo-Trading,Hedge Fund Management",https://img-proxy.datarade.net/x80/https://datarade.ams3.cdn.digitaloceanspaces.com/logos/production/vendor/airbtics_deb3a9b562e1a42e.png,"Tourism Data,Rental Property Data,Web Data,Economic Data"
Akadia,Supply Chain Management,https://img-proxy.datarade.net/x80/https://datarade.ams3.cdn.digitaloceanspaces.com/logos/production/vendor/akadia_2bf80c9f776c38c4.png,"Environmental Data,Stock & Market Data,Employment Data"
aKQired,,https://img-proxy.datarade.net/x80/https://datarade.ams3.cdn.digitaloceanspaces.com/logos/production/vendor/akqired_f300e96e86b01f1d.png,"B2B Marketing Fit Data,B2B Data"
Allfactor,Pricing Optimization,https://img-proxy.datarade.net/x80/https://datarade.ams3.cdn.digitaloceanspaces.com/logos/production/vendor/allfactor_1cb210999d905221.png,"Retail & Commerce Data,Individual Data,C2C E-Commerce Data"
Ambee,"Supplier Risk,Property Future Value & Mortgage Value Assessment,Product Performance Forecasting,Hedge Fund Management",https://img-proxy.datarade.net/x80/https://datarade.ams3.cdn.digitaloceanspaces.com/logos/production/vendor/ambee_c5bc1c08762b5848.png,"Environmental Data,Map Data,Climate and Weather Data,Agriculture Data,"
amp Data Intelligence,Trend Forecasting,https://datarade.ai/no-image-icon.png,"Consumer Lifestyle Data,Individual Data,Retail & Commerce Data,B2B Data"
Anachart,Portfolio Management,https://img-proxy.datarade.net/x80/https://datarade.ams3.cdn.digitaloceanspaces.com/logos/production/vendor/anachart_71fe21de170c23f4.jpeg,"Stock & Market Data,B2B Intent Data,B2B Marketing Fit Data"
AOK Leads,,https://img-proxy.datarade.net/x80/https://datarade.ams3.cdn.digitaloceanspaces.com/logos/production/vendor/aok-leads_26e898f430cf0fd6.jpeg,",B2B Data"
APAC Leads,Lead Scoring,https://img-proxy.datarade.net/x80/https://datarade.ams3.cdn.digitaloceanspaces.com/logos/production/vendor/apac-leads_3b00cfac9e0c08e7.jpeg,"B2B Data,B2B Marketing Fit Data,Firmographic Data,"
API-SPORTS,,https://img-proxy.datarade.net/x80/https://datarade.ams3.cdn.digitaloceanspaces.com/logos/production/vendor/api-sports_65211b657418026f.png,"Esports Data,Stock & Market Data,Sports Betting Data"
Aquagenuity,,https://img-proxy.datarade.net/x80/https://datarade.ams3.cdn.digitaloceanspaces.com/logos/production/vendor/aquagenuity_57289c794ef27a90.png,Environmental Data
Arabesque S-Ray,"Hedge Fund Management,Supplier Risk,Portfolio Management",https://img-proxy.datarade.net/x80/https://datarade.ams3.cdn.digitaloceanspaces.com/logos/production/vendor/arabesque-s-ray_cfa0a4e8e2680d37.png,"Environmental Data,Climate and Weather Data"
Augur Labs,"Algo-Trading,Hedge Fund Management,Portfolio Management",https://img-proxy.datarade.net/x80/https://datarade.ams3.cdn.digitaloceanspaces.com/logos/production/vendor/augur-labs_97f324d7309a3f14.png,"Economic Data,Employment Data,"
Automaton AI,"V2X Technology,Product Performance Forecasting,Traffic Management,AI Language Learning Programs,Smart Building,Supplier Risk",https://img-proxy.datarade.net/x80/https://datarade.ams3.cdn.digitaloceanspaces.com/logos/production/vendor/automaton-ai_0a9b204fc92822d4.png,"Medical Imagery Data,Hospitality Industry Data,Retail & Commerce Data,Agriculture Data,,Patient Data,Traffic and Routing Data,Automotive Industry Data,Clinical Trial Data"
Aviation Edge,,https://img-proxy.datarade.net/x80/https://datarade.ams3.cdn.digitaloceanspaces.com/logos/production/vendor/aviation-edge_89a371fcf112793f.png,Aerospace Industry Data
AWIS Weather Services,"Supplier Risk,Portfolio Management,Promotion Planning,Product Performance Forecasting",https://img-proxy.datarade.net/x80/https://datarade.ams3.cdn.digitaloceanspaces.com/logos/production/vendor/awis-weather-services_57725e54e982a5b4.png,"Construction Industry Data,Climate and Weather Data,Agriculture Data,Environmental Data"
Axiom EMI,,https://img-proxy.datarade.net/x80/https://datarade.ams3.cdn.digitaloceanspaces.com/logos/production/vendor/axiom-emi_c9d80b75fae4690a.png,"Energy Data,Industry-Specific Data,"
B2B Lists,Account-Based Marketing,https://img-proxy.datarade.net/x80/https://datarade.ams3.cdn.digitaloceanspaces.com/logos/production/vendor/b2b-lists-llc_883e0c982beed509.png,"Healthcare Data,B2B Intent Data,B2B Marketing Fit Data,B2B Data,Website Data"
B2BLeadlab,"Lead Scoring,Competitor Analysis",https://img-proxy.datarade.net/x80/https://datarade.ams3.cdn.digitaloceanspaces.com/logos/production/vendor/b2bleadlab_f48c9dac4027439d.jpeg,",Business Registry Data,B2B Data,B2B Marketing Fit Data,Company Data"
B2Broker,"Algo-Trading,Hedge Fund Management",https://img-proxy.datarade.net/x80/https://datarade.ams3.cdn.digitaloceanspaces.com/logos/production/vendor/b2broker_ea16bcdaff4c694e.jpg,"Foreign Exchange Market Data,"
BDEX,,https://img-proxy.datarade.net/x80/https://datarade.ams3.cdn.digitaloceanspaces.com/logos/production/vendor/big-data-exchange-bdex_6695f747f24c4597.png,"Location Data,Identity Data,Individual Data,Automotive Industry Data"
Bedrock AI,"Hedge Fund Management,Supplier Risk,Algo-Trading,AI Financial Planning Program",https://img-proxy.datarade.net/x80/https://datarade.ams3.cdn.digitaloceanspaces.com/logos/production/vendor/bedrock-ai_356e1588fafb9249.jpeg,"Legal and IP Data,Environmental Data,Legal Case Data,,Stock & Market Data,Economic Data"
Bestinfopoint,"Targeted Marketing,Account-Based Marketing",https://img-proxy.datarade.net/x80/https://datarade.ams3.cdn.digitaloceanspaces.com/logos/production/vendor/bestinfopoint_b60812b490ae9837.jpeg,",Sports & Entertainment Events Data,B2B Data,Website Data,Company Data,Marketing Attribution Data,Firmographic Data,B2B Marketing Fit Data,Email Data,Social Data,Individual Data,Business Registry Data"
BigDataCloud,"MFA Security,Cybersecurity Posture",https://img-proxy.datarade.net/x80/https://datarade.ams3.cdn.digitaloceanspaces.com/logos/production/vendor/bigdatacloud_8e5381579afaca5e.png,"IP Data,Online/Mobile Data"
BizProspex,"Hedge Fund Management,Lead Scoring,Online and Social Media Performance Tracking,Property Future Value & Mortgage Value Assessment,Account-Based Marketing",https://img-proxy.datarade.net/x80/https://datarade.ams3.cdn.digitaloceanspaces.com/logos/production/vendor/bizprospex_1afdef34c7be7883.jpeg,"Business Credit Rating Data,Healthcare Data,Real Estate Data,B2B Data,Firmographic Data,Stock & Market Data,B2B Intent Data,B2B Marketing Fit Data,Employment Data,Company Data,"
BlueBot,,https://img-proxy.datarade.net/x80/https://datarade.ams3.cdn.digitaloceanspaces.com/logos/production/vendor/bluebot_ae8a7f8802a5b959.svg,"Maritime Industry Data,"
Boston Analytics,Supplier Risk,https://img-proxy.datarade.net/x80/https://datarade.ams3.cdn.digitaloceanspaces.com/logos/production/vendor/boston-analytics_a0a2b11550a77a10.png,"Business Credit Rating Data,Stock & Market Data,Sports & Entertainment Events Data,Economic Data,Company Data,News Data,"
Brandbook,,https://img-proxy.datarade.net/x80/https://datarade.ams3.cdn.digitaloceanspaces.com/logos/production/vendor/brandbook_85a85a65dced0c49.png,"Retail & Commerce Data,,Consumer Lifestyle Data,Consumer Survey Data"
Bright Data (Formerly Luminati Networks),Price Segmentation Strategy,https://img-proxy.datarade.net/x80/https://datarade.ams3.cdn.digitaloceanspaces.com/logos/production/vendor/bright%20data_9719843120f44f2d.png,"Employment Data,Hospitality Industry Data,Firmographic Data,Tourism Data,Business Registry Data,Company Data"
Bright Query,Hedge Fund Management,https://img-proxy.datarade.net/x80/https://datarade.ams3.cdn.digitaloceanspaces.com/logos/production/vendor/brightquery_e69f4b02201877f2.png,"Company Data,Economic Data"
Bufte,"Supplier Risk,B2B Credit Risk,Lead Scoring,Hedge Fund Management",https://img-proxy.datarade.net/x80/https://datarade.ams3.cdn.digitaloceanspaces.com/logos/production/vendor/bufte_83e1640a32eef2c7.png,"GPS Data,Automotive Industry Data"
Burbio,"Targeted Marketing,Portfolio Management",https://img-proxy.datarade.net/x80/https://datarade.ams3.cdn.digitaloceanspaces.com/logos/production/vendor/burbio_43cbdc3b2fb1c746.jpg,"Location Data,Sports & Entertainment Events Data,,Individual Data,Education Industry Data,Retail & Commerce Data"
Caeli,Trend Forecasting,https://img-proxy.datarade.net/x80/https://datarade.ams3.cdn.digitaloceanspaces.com/logos/production/vendor/caeli_50e69dfe942ede6d.jpeg,"Environmental Data,Climate and Weather Data"
Cannon Valley Research,"Portfolio Management,Hedge Fund Management",https://img-proxy.datarade.net/x80/https://datarade.ams3.cdn.digitaloceanspaces.com/logos/production/vendor/cannon-valley-research_4e4b75763a7f9397.png,"Economic Data,Stock & Market Data"
Capital Intelligence Ratings (CI Ratings),,https://img-proxy.datarade.net/x80/https://datarade.ams3.cdn.digitaloceanspaces.com/logos/production/vendor/capital-intelligence-ltd.png,"Retail & Commerce Data,Marketing Attribution Data,Business Credit Rating Data"
CarePrecise,,https://img-proxy.datarade.net/x80/https://datarade.ams3.cdn.digitaloceanspaces.com/logos/production/vendor/careprecise_29aa9f8445d40917.jpg,"Healthcare Data,B2B Data,Company Data,Clinical Trial Data"
catsai,"Targeted Marketing,Promotion Planning,Product Performance Forecasting",https://img-proxy.datarade.net/x80/https://datarade.ams3.cdn.digitaloceanspaces.com/logos/production/vendor/catsai_ba8e06b81f9bb607.png,"Retail & Commerce Data,Sports & Entertainment Events Data,Climate and Weather Data,Marketing Attribution Data,B2B Marketing Fit Data,B2B Data"
China Knowledge,"Algo-Trading,Hedge Fund Management",https://img-proxy.datarade.net/x80/https://datarade.ams3.cdn.digitaloceanspaces.com/logos/production/vendor/china-knowledge_678498b36da0de5d.png,"Stock & Market Data,Economic Data"
CitiesAI,,https://img-proxy.datarade.net/x80/https://datarade.ams3.cdn.digitaloceanspaces.com/logos/production/vendor/citiesai_afd42bc8968d5d54.jpeg,",Foot Traffic Data"
CITYDATA.ai,Smart Cities,https://img-proxy.datarade.net/x80/https://datarade.ams3.cdn.digitaloceanspaces.com/logos/production/vendor/citydata-ai_05da07be111eec54.jpeg,"Location Data,,Foot Traffic Data,Tourism Data,Online/Mobile Data"
Clarity AI,"Hedge Fund Management,Portfolio Management",https://img-proxy.datarade.net/x80/https://datarade.ams3.cdn.digitaloceanspaces.com/logos/production/vendor/clarity_e0a0b7b0fa7b073b.jpg,"Environmental Data,Company Data,Climate and Weather Data"
Cloud Giant,,https://img-proxy.datarade.net/x80/https://datarade.ams3.cdn.digitaloceanspaces.com/logos/production/vendor/cloud-giant_b7d4fdc0d976f64f.svg,"Stock & Market Data,Trade Data,"
Coresignal,"Product Performance Forecasting,Lead Scoring,Portfolio Management,Hedge Fund Management,Trend Forecasting",https://img-proxy.datarade.net/x80/https://datarade.ams3.cdn.digitaloceanspaces.com/logos/production/vendor/coresignal_b28e657e111c9179.jpeg,"Business Credit Rating Data,B2B Data,Product Review Data,Company Data,B2B Intent Data,Employment Data,Firmographic Data,Stock & Market Data,Economic Data"
CoworkIntel,Property Future Value & Mortgage Value Assessment,https://img-proxy.datarade.net/x80/https://datarade.ams3.cdn.digitaloceanspaces.com/logos/production/vendor/coworkintel_d9b857f9fb5658da.png,"Real Estate Data,"
Cryptrata,"Algo-Trading,Pricing Optimization,AI Financial Planning Program",https://img-proxy.datarade.net/x80/https://datarade.ams3.cdn.digitaloceanspaces.com/logos/production/vendor/cryptrata_c2d563bcf57972d2.png,",Economic Data"
CUFTanalytics,Portfolio Management,https://img-proxy.datarade.net/x80/https://datarade.ams3.cdn.digitaloceanspaces.com/logos/production/vendor/cuftanalytics_88d453ec5d1b37e6.png,"Economic Data,Business Credit Rating Data,"
CustomWeather,"Predictive Maintenance,Supplier Risk,Supply Chain Management,Promotion Planning,Smart Ship",https://img-proxy.datarade.net/x80/https://datarade.ams3.cdn.digitaloceanspaces.com/logos/production/vendor/customweather_9d7a7b035b114c80.png,"Map Data,Climate and Weather Data,Environmental Data,Energy Data,,Agriculture Data"
Cyabra,"Trend Forecasting,Hedge Fund Management",https://img-proxy.datarade.net/x80/https://datarade.ams3.cdn.digitaloceanspaces.com/logos/production/vendor/cyabra_4f90b9719c013b6b.jpeg,"Individual Data,Social Media Sentiment Data,,Economic Data"
Danel Capital,,https://img-proxy.datarade.net/x80/https://datarade.ams3.cdn.digitaloceanspaces.com/logos/production/vendor/danel-capital_269e22ff8c8b714c.png,",Stock & Market Data,Trade Data"
Data Discovers,,https://img-proxy.datarade.net/x80/https://datarade.ams3.cdn.digitaloceanspaces.com/logos/production/vendor/data-discovers_a8f88d47b0a3912b.jpeg,"B2B Intent Data,Firmographic Data,B2B Marketing Fit Data,B2B Data,Company Data"
Data Marketers Group,"Lead Scoring,Account-Based Marketing",https://img-proxy.datarade.net/x80/https://datarade.ams3.cdn.digitaloceanspaces.com/logos/production/vendor/data-marketers-group_de4f576b30276132.jpeg,"B2B Intent Data,B2B Marketing Fit Data,Firmographic Data,B2B Data"
data_provider,,Data Vendor Logo,
Databuild,"Targeted Marketing,Lead Scoring",https://img-proxy.datarade.net/x80/https://datarade.ams3.cdn.digitaloceanspaces.com/logos/production/vendor/databuild_1bc1bfe5dfe5f265.png,"B2B Data,Real Estate Data,Construction Industry Data"
Datacie,"Supplier Risk,Property Future Value & Mortgage Value Assessment,Hedge Fund Management,Portfolio Management",https://img-proxy.datarade.net/x80/https://datarade.ams3.cdn.digitaloceanspaces.com/logos/production/vendor/datacie_aaa31b086249ad90.svg,"Real Estate Investment Data,B2B Data,Environmental Data,Stock & Market Data,Economic Data,Marketing Attribution Data,Individual Data,Real Estate Data,,Patent Data,Employment Data,Legal Case Data,Energy Data,Climate and Weather Data"
DataGardener,,https://img-proxy.datarade.net/x80/https://datarade.ams3.cdn.digitaloceanspaces.com/logos/production/vendor/datagardener_833e31d38c9c1334.png,"Business Registry Data,B2B Data,Firmographic Data,B2B Intent Data,,Company Data,Economic Data"
Datahut,"Account-Based Marketing,Pricing Optimization,Hedge Fund Management,Price Segmentation Strategy",https://img-proxy.datarade.net/x80/https://datarade.ams3.cdn.digitaloceanspaces.com/logos/production/vendor/datahut_95f02fc4839a8615.png,"Retail & Commerce Data,Business Registry Data,Company Data"
Datalastic,"Smart Ship,Supplier Risk",https://img-proxy.datarade.net/x80/https://datarade.ams3.cdn.digitaloceanspaces.com/logos/production/vendor/datalastic_22e9d0b0a7ecc04f.png,"Maritime Industry Data,Trade Data,"
DataSpark,"Portfolio Management,Hedge Fund Management,Algo-Trading",https://img-proxy.datarade.net/x80/https://datarade.ams3.cdn.digitaloceanspaces.com/logos/production/vendor/dataspark_fb30ecf946ef9d61.png,"Economic Data,Environmental Data,Stock & Market Data,Company Data"
Datastream Group,"Targeted Marketing,Behavioral Targeting,Hedge Fund Management",https://img-proxy.datarade.net/x80/https://datarade.ams3.cdn.digitaloceanspaces.com/logos/production/vendor/datastream-group_df116f49fea3ad73.png,"Online/Mobile Data,SEO & Web Advertising Data,Identity Data,TV Streaming Rating Data,Individual Data,Automotive Industry Data,,Political Data,Cross-Device Identity Data,Real Estate Data,Consumer Lifestyle Data,Property Ownership Data"
Datos,,https://img-proxy.datarade.net/x80/https://datarade.ams3.cdn.digitaloceanspaces.com/logos/production/vendor/datos_cf6adb8113352dbc.png,",Demographic Data"
DecaData,Hedge Fund Management,https://img-proxy.datarade.net/x80/https://datarade.ams3.cdn.digitaloceanspaces.com/logos/production/vendor/decadata_521e947df61a52f5.png,"Retail & Commerce Data,Hospitality Industry Data,Sports & Entertainment Data,C2C E-Commerce Data,Individual Data"
Demografy,Persona Detection/Segmentation,https://img-proxy.datarade.net/x80/https://datarade.ams3.cdn.digitaloceanspaces.com/logos/production/vendor/demografy_25c5d3d1b0adf3d7.png,"Individual Data,,Demographic Data"
DestinyCS,,https://img-proxy.datarade.net/x80/https://datarade.ams3.cdn.digitaloceanspaces.com/logos/production/vendor/destinycs_10b3a7fde862dec3.png,
Dexi.io,,https://img-proxy.datarade.net/x80/https://datarade.ams3.cdn.digitaloceanspaces.com/logos/production/vendor/dexi-io_fb8a8d63aba3511f.jpg,"Hospitality Industry Data,Aerospace Industry Data,Tourism Data"
Dexivo,,https://img-proxy.datarade.net/x80/https://datarade.ams3.cdn.digitaloceanspaces.com/logos/production/vendor/dexivo_4fcd3e2a1a7b8d64.jpeg,",Individual Data"
Diaceutics,,https://img-proxy.datarade.net/x80/https://datarade.ams3.cdn.digitaloceanspaces.com/logos/production/vendor/diaceutics_f0309982b5537ce6.jpeg,",Healthcare Data,Patient Data,Medical Claims Data"
Digest Africa,Portfolio Management,https://img-proxy.datarade.net/x80/https://datarade.ams3.cdn.digitaloceanspaces.com/logos/production/vendor/digest-africa_7a91d9d592ffa10f.png,"Business Credit Rating Data,Economic Data,B2B Data,Company Data"
Donuka,Property Future Value & Mortgage Value Assessment,https://img-proxy.datarade.net/x80/https://datarade.ams3.cdn.digitaloceanspaces.com/logos/production/vendor/donuka_0a444ec744583c88.jpeg,"Real Estate Investment Data,Real Estate Data"
Earthmetry,Algo-Trading,https://img-proxy.datarade.net/x80/https://datarade.ams3.cdn.digitaloceanspaces.com/logos/production/vendor/earthmetry_1f53b32f422fb7c1.png,"Environmental Data,Energy Data,Satellite Data,Web Data,Economic Data"
Edge,"Portfolio Management,Product Performance Forecasting",https://img-proxy.datarade.net/x80/https://datarade.ams3.cdn.digitaloceanspaces.com/logos/production/vendor/edge-by-ascential_2aa799ca8a50ea33.png,"Location Data,Retail & Commerce Data,Individual Data"
Edison Trends,"Trend Forecasting,Hedge Fund Management",https://img-proxy.datarade.net/x80/https://datarade.ams3.cdn.digitaloceanspaces.com/logos/production/vendor/edison-trends_b3430654ee1a0a1c.png,",Tourism Data,Retail & Commerce Data,Email Data,C2C E-Commerce Data"
Email on Business,Account-Based Marketing,https://img-proxy.datarade.net/x80/https://datarade.ams3.cdn.digitaloceanspaces.com/logos/production/vendor/email-on-business.PNG,"B2B Marketing Fit Data,,B2B Data"
Envestnet | Yodlee,"Trend Forecasting,Product Performance Forecasting,Algo-Trading",https://img-proxy.datarade.net/x80/https://datarade.ams3.cdn.digitaloceanspaces.com/logos/production/vendor/yodlee-envestnet.png,"Retail & Commerce Data,Individual Data,"
EPFR Global,"Algo-Trading,Hedge Fund Management,Portfolio Management",https://img-proxy.datarade.net/x80/https://datarade.ams3.cdn.digitaloceanspaces.com/logos/production/vendor/epfr-global_4ec305f1b50df819.png,"Economic Data,,Stock & Market Data"
EPIC Translations,"Hedge Fund Management,Behavioral Targeting,Product Performance Forecasting,Competitor Analysis",https://img-proxy.datarade.net/x80/https://datarade.ams3.cdn.digitaloceanspaces.com/logos/production/vendor/epic-translations_440f49327e869cc3.jpeg,"Online/Mobile Data,Website Data,,Marketing Attribution Data,Trade Data"
Esales Data,"Targeted Marketing,Lead Scoring",https://img-proxy.datarade.net/x80/https://datarade.ams3.cdn.digitaloceanspaces.com/logos/production/vendor/esales-data_5d9db95a3ad5108b.png,"B2B Data,Firmographic Data,,Legal Case Data,B2B Intent Data,Economic Data,Real Estate Data,B2B Marketing Fit Data,Marketing Attribution Data"
ESG Analytics,"Portfolio Management,Algo-Trading",https://img-proxy.datarade.net/x80/https://datarade.ams3.cdn.digitaloceanspaces.com/logos/production/vendor/esg-analytics_f242d27b10688d3e.jpeg,"Sports & Entertainment Events Data,News Data,Environmental Data,Stock & Market Data,Company Data"
ESG Analytics Ai,"Online and Social Media Performance Tracking,Algo-Trading,Supplier Risk",https://img-proxy.datarade.net/x80/https://datarade.ams3.cdn.digitaloceanspaces.com/logos/production/vendor/esg-analytics-ai_2cbd75230f1aa159.jpeg,"Environmental Data,Climate and Weather Data"
Eskimi,,https://img-proxy.datarade.net/x80/https://datarade.ams3.cdn.digitaloceanspaces.com/logos/production/vendor/eskimi_2180cc7d8c967767.png,",Identity Data,Industry-Specific Data,Online/Mobile Data"
Estated,,https://img-proxy.datarade.net/x80/https://datarade.ams3.cdn.digitaloceanspaces.com/logos/production/vendor/estated_7b55cd0db652f935.png,"Real Estate Investment Data,Real Estate Data"
Event Registry,,https://img-proxy.datarade.net/x80/https://datarade.ams3.cdn.digitaloceanspaces.com/logos/production/vendor/eventregistry_db2cc660c59fb78f.jpeg,Environmental Data
Every Market Media,Lead Scoring,https://img-proxy.datarade.net/x80/https://datarade.ams3.cdn.digitaloceanspaces.com/logos/production/vendor/every-market-media_52ec07ca2a45c996.png,"B2B Data,Website Data,Industry-Specific Data,,Company Data,Firmographic Data,B2B Marketing Fit Data,Business Registry Data,Individual Data,Employment Data,Email Data,B2B Intent Data"
Facteus,"Algo-Trading,Trend Forecasting",https://img-proxy.datarade.net/x80/https://datarade.ams3.cdn.digitaloceanspaces.com/logos/production/vendor/arm-insight_b0b15d86da3d1e36.jpg,"Retail & Commerce Data,Individual Data,Consumer Lifestyle Data"
Fifty,Targeted Marketing,https://img-proxy.datarade.net/x80/https://datarade.ams3.cdn.digitaloceanspaces.com/logos/production/vendor/fifty_c115d6c75ab17bf7.png,"Demographic Data,Economic Data,Social Data,"
Finage,Portfolio Management,https://img-proxy.datarade.net/x80/https://datarade.ams3.cdn.digitaloceanspaces.com/logos/production/vendor/finage_645ab7b5ce2c81a0.png,"Foreign Exchange Market Data,Stock & Market Data,Trade Data,"
Financial Modeling Prep,Portfolio Management,https://img-proxy.datarade.net/x80/https://datarade.ams3.cdn.digitaloceanspaces.com/logos/production/vendor/financial-modeling-prep_14eab54b00f17b3a.png,"Economic Data,Legal and IP Data,Stock & Market Data"
Finispia,"Hedge Fund Management,Portfolio Management",https://img-proxy.datarade.net/x80/https://datarade.ams3.cdn.digitaloceanspaces.com/logos/production/vendor/finispia_8d0ca042425cae1f.jpeg,"B2B Intent Data,Trade Data,Stock & Market Data,Economic Data"
Finnworlds,Portfolio Management,https://img-proxy.datarade.net/x80/https://datarade.ams3.cdn.digitaloceanspaces.com/logos/production/vendor/finnworlds_954a6b943b857d58.png,"Economic Data,,Stock & Market Data"
FinPricing,"Hedge Fund Management,Supplier Risk,Portfolio Management,Algo-Trading,Pricing Optimization,B2B Credit Risk",https://img-proxy.datarade.net/x80/https://datarade.ams3.cdn.digitaloceanspaces.com/logos/production/vendor/finpricing_026c3316f36f9736.png,"Economic Data,Foreign Exchange Market Data,Commodity Market Data,Employment Data,Stock & Market Data,"
FirstRate Data,"Portfolio Management,Algo-Trading",https://img-proxy.datarade.net/x80/https://datarade.ams3.cdn.digitaloceanspaces.com/logos/production/vendor/firstrate-data_376add193b5f0412.JPG,"Economic Data,Legal and IP Data,Stock & Market Data"
Fraudlogix,"B2C Fraud,Online and Social Media Performance Tracking",https://img-proxy.datarade.net/x80/https://datarade.ams3.cdn.digitaloceanspaces.com/logos/production/vendor/fraudlogix_c484bbcf79fb2e23.png,",App Data,Online/Mobile Data,IP Data"
Fygen,"Supplier Risk,Algo-Trading,Competitor Analysis",https://img-proxy.datarade.net/x80/https://datarade.ams3.cdn.digitaloceanspaces.com/logos/production/vendor/fygen_adc074e594a3f050.jpeg,",Economic Data,Stock & Market Data,Industry-Specific Data"
Gambit,"Product Performance Forecasting,Promotion Planning",https://img-proxy.datarade.net/x80/https://datarade.ams3.cdn.digitaloceanspaces.com/logos/production/vendor/gambit_59b7bbdcb617174b.png,"Healthcare Data,Stock & Market Data,Consumer Lifestyle Data"
GBSN Research,"Product Performance Forecasting,Lead Scoring,Property Future Value & Mortgage Value Assessment,Competitor Analysis",https://img-proxy.datarade.net/x80/https://datarade.ams3.cdn.digitaloceanspaces.com/logos/production/vendor/gbsn-research_a15d31fa0ec43c12.jpg,",B2B Data,Healthcare Data,Real Estate Data,Product Review Data,Real Estate Investment Data,Individual Data"
Geolytica,,https://img-proxy.datarade.net/x80/https://datarade.ams3.cdn.digitaloceanspaces.com/logos/production/vendor/geolytica_2e34133b7dad5f13.png,Consumer Lifestyle Data
GiantLeap Interactive,"Account-Based Marketing,Targeted Marketing",https://img-proxy.datarade.net/x80/https://datarade.ams3.cdn.digitaloceanspaces.com/logos/production/vendor/giantleap-interactive_06411efd52c83d2b.png,"Healthcare Data,,B2B Intent Data,B2B Data,Technographics Data"
GIST,Portfolio Management,https://img-proxy.datarade.net/x80/https://datarade.ams3.cdn.digitaloceanspaces.com/logos/production/vendor/gist_6db3dc93aeae393f.png,Environmental Data
Global Pricing Innovations,"Pricing Optimization,Price Segmentation Strategy",https://img-proxy.datarade.net/x80/https://datarade.ams3.cdn.digitaloceanspaces.com/logos/production/vendor/global-pricing-innovations-limited_f9c87a5cc0aa3b36.png,Healthcare Data
Gmgft,,https://img-proxy.datarade.net/x80/https://datarade.ams3.cdn.digitaloceanspaces.com/logos/production/vendor/gmgft_35c4785e08550fd9.JPG,Trade Data
Goldbaum,"Product Performance Forecasting,Supplier Risk,Portfolio Management,Hedge Fund Management",https://img-proxy.datarade.net/x80/https://datarade.ams3.cdn.digitaloceanspaces.com/logos/production/vendor/goldbaum_70a4f4a0ddd0b36e.png,"Environmental Data,,Stock & Market Data"
Graviton,"Portfolio Management,Account-Based Marketing,Hedge Fund Management",https://img-proxy.datarade.net/x80/https://datarade.ams3.cdn.digitaloceanspaces.com/logos/production/vendor/graviton_f443e092f687ceb7.png,"Economic Data,Stock & Market Data,Business Registry Data"
Grepsr,Portfolio Management,https://img-proxy.datarade.net/x80/https://datarade.ams3.cdn.digitaloceanspaces.com/logos/production/vendor/grepsr_37f9f5a59201bda7.png,"Employment Data,Stock & Market Data,Real Estate Data,Economic Data,Firmographic Data,Environmental Data,Real Estate Investment Data"
Handshakes,,https://img-proxy.datarade.net/x80/https://datarade.ams3.cdn.digitaloceanspaces.com/logos/production/vendor/handshakes_c9c3447a96f611b3.png,"Business Registry Data,,Company Data"
HealthWise Data,Targeted Marketing,https://img-proxy.datarade.net/x80/https://datarade.ams3.cdn.digitaloceanspaces.com/logos/production/vendor/healthwise-data_fbeb86572d8c4bf7.jpg,"Demographic Data,Individual Data,,Consumer Lifestyle Data,Healthcare Data,IoMT: Internet of Medical Things"
Helios,"Hedge Fund Management,Supplier Risk,Portfolio Management",https://img-proxy.datarade.net/x80/https://datarade.ams3.cdn.digitaloceanspaces.com/logos/production/vendor/helios_8e0b6f8150d3e3f5.jpeg,"Stock & Market Data,,Economic Data"
HG Insights,,https://img-proxy.datarade.net/x80/https://datarade.ams3.cdn.digitaloceanspaces.com/logos/production/vendor/hg-data_6cb1ceb26c9aa660.png,"Technographics Data,,Firmographic Data,Company Data"
Hoeg & Company,"Competitor Analysis,Hedge Fund Management",https://img-proxy.datarade.net/x80/https://datarade.ams3.cdn.digitaloceanspaces.com/logos/production/vendor/hoeg-company_f78c008bccc8fa46.jpg,"Economic Data,Legal and IP Data,Company Data"
HSAT,,https://img-proxy.datarade.net/x80/https://datarade.ams3.cdn.digitaloceanspaces.com/logos/production/vendor/hsat_63b0968486f5bda8.png,"Agriculture Data,Trade Data"
HubioID,"Lead Scoring,Targeted Marketing",https://img-proxy.datarade.net/x80/https://datarade.ams3.cdn.digitaloceanspaces.com/logos/production/vendor/hubioid_f41b2bc33d35c4b8.png,"B2B Data,"
hubsell,"Account-Based Marketing,Lead Scoring",https://img-proxy.datarade.net/x80/https://datarade.ams3.cdn.digitaloceanspaces.com/logos/production/vendor/hubsell_4ca422df7127e59d.png,",B2B Data,B2B Intent Data,Company Data"
Humatrics,Targeted Marketing,https://img-proxy.datarade.net/x80/https://datarade.ams3.cdn.digitaloceanspaces.com/logos/production/vendor/humatrics_82031c6679696b4b.jpeg,"Individual Data,Political Data,"
Huq Industries,"Hedge Fund Management,Supplier Risk,Algo-Trading",https://img-proxy.datarade.net/x80/https://datarade.ams3.cdn.digitaloceanspaces.com/logos/production/vendor/huq_a8b5c8fbc52643f7.png,"Economic Data,,Stock & Market Data"
Iberinform,"B2B Credit Risk,Targeted Marketing,Portfolio Management,Supply Chain Management",https://img-proxy.datarade.net/x80/https://datarade.ams3.cdn.digitaloceanspaces.com/logos/production/vendor/iberinform_2b069f824355981f.png,"B2B Data,B2B Marketing Fit Data,Retail & Commerce Data,Company Data,Product Review Data,Economic Data"
IDMerit,,https://img-proxy.datarade.net/x80/https://datarade.ams3.cdn.digitaloceanspaces.com/logos/production/vendor/idmerit_b6813ffb77391a79.png,",Individual Data,Consumer Lifestyle Data,Political Data"
Impact Cubed,"Hedge Fund Management,Portfolio Management",https://img-proxy.datarade.net/x80/https://datarade.ams3.cdn.digitaloceanspaces.com/logos/production/vendor/impact-cubed-b95a0cd9-c059-431f-9821-16befc3540cd_29a4091344bc1a86.png,Environmental Data
IMPACTIN,"Hedge Fund Management,Smart Cities",https://img-proxy.datarade.net/x80/https://datarade.ams3.cdn.digitaloceanspaces.com/logos/production/vendor/impactin_414ec45e6f831592.png,Environmental Data
Infatica,Pricing Optimization,https://img-proxy.datarade.net/x80/https://datarade.ams3.cdn.digitaloceanspaces.com/logos/production/vendor/infatica_0d2c02f6b2881d87.jpeg,"IP Data,"
Infotanks Media,"Account-Based Marketing,Competitor Analysis,Lead Scoring,Persona Detection/Segmentation,Targeted Marketing",https://img-proxy.datarade.net/x80/https://datarade.ams3.cdn.digitaloceanspaces.com/logos/production/vendor/infotanks-media_f2b1feb97b194bce.png,",Industry-Specific Data,Healthcare Data,Company Data,Business Registry Data,Firmographic Data,B2B Marketing Fit Data,B2B Data,Technographics Data,B2B Intent Data,Individual Data,Employment Data"
InQuartik,Portfolio Management,https://img-proxy.datarade.net/x80/https://datarade.ams3.cdn.digitaloceanspaces.com/logos/production/vendor/inquartik_32acb05fd2055e6c.jpeg,"Legal and IP Data,Patent Data,Legal Case Data,Economic Data"
Intellizence,"Portfolio Management,Supplier Risk,Hedge Fund Management",https://img-proxy.datarade.net/x80/https://datarade.ams3.cdn.digitaloceanspaces.com/logos/production/vendor/intellizence_aa3b33ceade4b6f6.png,"Business Credit Rating Data,,Company Data,Economic Data,B2B Intent Data,Environmental Data,Business Registry Data,News Data"
Interceptd,Mobile App Development,https://img-proxy.datarade.net/x80/https://datarade.ams3.cdn.digitaloceanspaces.com/logos/production/vendor/interceptd_5089257345067eeb.svg,"Marketing Attribution Data,App Data,"
IPQualityScore (IPQS),"Supplier Risk,MFA Security,Lead Scoring",https://img-proxy.datarade.net/x80/https://datarade.ams3.cdn.digitaloceanspaces.com/logos/production/vendor/ipqualityscore-ipqs_201fb1831ceeb130.png,"Marketing Attribution Data,Email Data,B2B Data,Consumer Lifestyle Data,"
ISIN2LEI,,https://img-proxy.datarade.net/x80/https://datarade.ams3.cdn.digitaloceanspaces.com/logos/production/vendor/isin2lei_597599ce3d4acc12.jpeg,"Economic Data,,Stock & Market Data,Business Registry Data,Company Data"
ISS ESG,,https://img-proxy.datarade.net/x80/https://datarade.ams3.cdn.digitaloceanspaces.com/logos/production/vendor/iss-esg-62724931-3144-4bd6-9915-d8ac50862980_db494239c47e8da7.png,"Environmental Data,,Climate and Weather Data"
Jobalytics,,https://img-proxy.datarade.net/x80/https://datarade.ams3.cdn.digitaloceanspaces.com/logos/production/vendor/jobalytics_765a41397dbd2ff5.png,"Employment Data,Individual Data"
K-Meta,Competitor Analysis,https://img-proxy.datarade.net/x80/https://datarade.ams3.cdn.digitaloceanspaces.com/logos/production/vendor/k-meta_4561d0fc1e6907a3.png,"SEO & Web Advertising Data,Web Data,,Website Data,Retail & Commerce Data"
Kaiko,"Hedge Fund Management,Portfolio Management",https://img-proxy.datarade.net/x80/https://datarade.ams3.cdn.digitaloceanspaces.com/logos/production/vendor/kaiko-data_a77711e71fb40299.png,"Stock & Market Data,Trade Data,"
Kamba Group,"Algo-Trading,Portfolio Management,AI Financial Planning Program",https://img-proxy.datarade.net/x80/https://datarade.ams3.cdn.digitaloceanspaces.com/logos/production/vendor/kamba-group_0f22b7907b4d476c.jpg,",Trade Data,Economic Data"
KASPR Datahaus,"Portfolio Management,Supplier Risk",https://img-proxy.datarade.net/x80/https://datarade.ams3.cdn.digitaloceanspaces.com/logos/production/vendor/kaspr-datahaus_56a013ec9e525bb5.jpeg,IP Data
Kido Dynamics,Persona Detection/Segmentation,https://img-proxy.datarade.net/x80/https://datarade.ams3.cdn.digitaloceanspaces.com/logos/production/vendor/kido-dynamics_3e72e72f933355c7.png,"Tourism Data,,Foot Traffic Data"
Kieli,,https://img-proxy.datarade.net/x80/https://datarade.ams3.cdn.digitaloceanspaces.com/logos/production/vendor/kieli_e5ac057dcb8f77b4.jpeg,"Web Data,,Product Review Data"
Knowsis,"Portfolio Management,Predictive Maintenance,Supplier Risk,Competitor Analysis,Hedge Fund Management,Pricing Optimization",https://img-proxy.datarade.net/x80/https://datarade.ams3.cdn.digitaloceanspaces.com/logos/production/vendor/knowsis.png,"Environmental Data,Social Media Sentiment Data,B2B Intent Data,B2B Data,Social Data,,News Data,Economic Data,Stock & Market Data"
Knuckle Head,Portfolio Management,https://img-proxy.datarade.net/x80/https://datarade.ams3.cdn.digitaloceanspaces.com/logos/production/vendor/knuckle-head_806bfb111e84a4a9.jpeg,"Hospitality Industry Data,Medical Imagery Data,Website Data,Stock & Market Data,SEO & Web Advertising Data,,Patient Data,B2B Data,Retail & Commerce Data,Individual Data,Company Data,Clinical Trial Data"
LBDigital,Targeted Marketing,https://img-proxy.datarade.net/x80/https://datarade.ams3.cdn.digitaloceanspaces.com/logos/production/vendor/lbdigital_6dcf1ad58a2d172b.png,"B2B Intent Data,B2B Data,,Firmographic Data"
Lead411,Account-Based Marketing,https://img-proxy.datarade.net/x80/https://datarade.ams3.cdn.digitaloceanspaces.com/logos/production/vendor/logo-3.png,"Business Credit Rating Data,Technographics Data,Company Data,"
Leadbook,Account-Based Marketing,https://img-proxy.datarade.net/x80/https://datarade.ams3.cdn.digitaloceanspaces.com/logos/production/vendor/leadbook_fdc7291ec6202145.png,"B2B Data,B2B Intent Data,B2B Marketing Fit Data"
Leads XL,"Lead Scoring,Targeted Marketing",https://img-proxy.datarade.net/x80/https://datarade.ams3.cdn.digitaloceanspaces.com/logos/production/vendor/leads-xl_acde58088b031e2a.jpeg,",B2B Data,Firmographic Data,B2B Intent Data"
LeadsIntel,Account-Based Marketing,https://img-proxy.datarade.net/x80/https://datarade.ams3.cdn.digitaloceanspaces.com/logos/production/vendor/leadsintel_63c7d1b957cb809c.jpeg,"B2B Data,B2B Intent Data"
Lepton Software,"Product Performance Forecasting,Supply Chain Management,Predictive Maintenance,Geospatial Effort Prioritization/Store Location Planning,Traffic Management",https://img-proxy.datarade.net/x80/https://datarade.ams3.cdn.digitaloceanspaces.com/logos/production/vendor/lepton-software_ef02dbef1be28226.jpeg,"Construction Industry Data,Map Data,GPS Data,,Individual Data,Location Data,Traffic and Routing Data,Demographic Data"
Lifesight,"Persona Detection/Segmentation,Targeted Marketing",https://img-proxy.datarade.net/x80/https://datarade.ams3.cdn.digitaloceanspaces.com/logos/production/vendor/lifesight_df1bc43dcd97ae0a.png,"Web Data,Website Data,Individual Data,Identity Data,Consumer Lifestyle Data,Email Data,Website Traffic Data,,Consumer Survey Data"
LinkUp Job Search Engine,,https://img-proxy.datarade.net/x80/https://datarade.ams3.cdn.digitaloceanspaces.com/logos/production/vendor/linkup-job-search-engine_e7d84ee89cfc48a0.png,Employment Data
Listkit,Lead Scoring,https://img-proxy.datarade.net/x80/https://datarade.ams3.cdn.digitaloceanspaces.com/logos/production/vendor/listkit_7b1d7967bff03e90.jpeg,"B2B Intent Data,B2B Data"
Locationscloud,"Targeted Marketing,Geospatial Effort Prioritization/Store Location Planning",https://img-proxy.datarade.net/x80/https://datarade.ams3.cdn.digitaloceanspaces.com/logos/production/vendor/locationscloud_360ccb3b994c2883.png,"App Data,Demographic Data,Location Data,Online/Mobile Data,Individual Data,,B2B Marketing Fit Data,Identity Data,Retail & Commerce Data"
Locomizer,,https://img-proxy.datarade.net/x80/https://datarade.ams3.cdn.digitaloceanspaces.com/logos/production/vendor/locomizer.jpg,"Location Data,Individual Data,,Retail & Commerce Data"
London Data Unit,"Geospatial Effort Prioritization/Store Location Planning,Supply Chain Management",https://img-proxy.datarade.net/x80/https://datarade.ams3.cdn.digitaloceanspaces.com/logos/production/vendor/london-data-unit_edbe752b6e781e79.jpeg,"Map Data,Demographic Data"
Mantheos,"Online and Social Media Performance Tracking,Behavioral Targeting,Competitor Analysis",https://img-proxy.datarade.net/x80/https://datarade.ams3.cdn.digitaloceanspaces.com/logos/production/vendor/mantheos_f492ac4c72984f49.jpeg,",Individual Data,Employment Data,Social Media Sentiment Data,Firmographic Data,Social Data,Company Data"
MapMyIndia,V2X Technology,https://img-proxy.datarade.net/x80/https://datarade.ams3.cdn.digitaloceanspaces.com/logos/production/vendor/mapmyindia-by-ce-info-systems-pvt-ltd_1da4e22288575ba9.jpg,"Map Data,Automotive Industry Data,Traffic and Routing Data,"
Mapping Resources,Supplier Risk,https://img-proxy.datarade.net/x80/https://datarade.ams3.cdn.digitaloceanspaces.com/logos/production/vendor/mapping-resources_15c696e21c99bae4.jpeg,"Marketing Attribution Data,Demographic Data,Legal Case Data"
Marcus Weather,"Supplier Risk,Algo-Trading",https://img-proxy.datarade.net/x80/https://datarade.ams3.cdn.digitaloceanspaces.com/logos/production/vendor/marcus-weather_159535012684cc6b.png,"Map Data,Climate and Weather Data"
MariTrace,"Supply Chain Management,Smart Ship,Supplier Risk",https://img-proxy.datarade.net/x80/https://datarade.ams3.cdn.digitaloceanspaces.com/logos/production/vendor/maritrace_64a672f3d89f2606.png,"Commodity Market Data,Economic Data,GPS Data,Energy Data,Maritime Industry Data,Political Data,"
Market Inside Data,"Hedge Fund Management,Competitor Analysis,Portfolio Management,Product Performance Forecasting,Smart Ship,Trend Forecasting",https://img-proxy.datarade.net/x80/https://datarade.ams3.cdn.digitaloceanspaces.com/logos/production/vendor/market-inside-data_026ce80a35674b13.png,"Aerospace Industry Data,Maritime Industry Data,Industry-Specific Data,Company Data,Trade Data,"
Market Report Company,Supply Chain Management,https://img-proxy.datarade.net/x80/https://datarade.ams3.cdn.digitaloceanspaces.com/logos/production/vendor/market-report-company_9c75ae5f9be15cd9.jpeg,"Commodity Market Data,Trade Data"
Market Vectors,"Portfolio Management,Competitor Analysis",https://img-proxy.datarade.net/x80/https://datarade.ams3.cdn.digitaloceanspaces.com/logos/production/vendor/Market%20Vectors_d9e735aab15cb58f.png,"Web Data,,Website Traffic Data,App Data,Social Data"
Matrixian Group,"Traffic Management,Persona Detection/Segmentation",https://img-proxy.datarade.net/x80/https://datarade.ams3.cdn.digitaloceanspaces.com/logos/production/vendor/matrixian-group_433f5e1f7d7a057f.JPG,"Real Estate Data,Individual Data,,Location Data,B2B Marketing Fit Data,Economic Data,Real Estate Investment Data,Traffic and Routing Data,B2B Data,Demographic Data"
Mattermark,Account-Based Marketing,https://img-proxy.datarade.net/x80/https://datarade.ams3.cdn.digitaloceanspaces.com/logos/production/vendor/mattermark.png,"Employment Data,,B2B Data,Company Data"
MBI Geodata,"Supplier Risk,Promotion Planning,Online and Social Media Performance Tracking,Geospatial Effort Prioritization/Store Location Planning,Behavioral Targeting,Supply Chain Management,Traffic Management,Targeted Marketing",https://img-proxy.datarade.net/x80/https://datarade.ams3.cdn.digitaloceanspaces.com/logos/production/vendor/mbi-data_0346fe1f838b8582.jpg,"Consumer Lifestyle Data,Individual Data,Location Data,Industry-Specific Data,Economic Data,Retail & Commerce Data,Political Data,Demographic Data"
Measurable AI,Hedge Fund Management,https://img-proxy.datarade.net/x80/https://datarade.ams3.cdn.digitaloceanspaces.com/logos/production/vendor/measurable-ai_ebe086cb8d3003af.png,Individual Data
mediasmart,,https://img-proxy.datarade.net/x80/https://datarade.ams3.cdn.digitaloceanspaces.com/logos/production/vendor/mediasmart_61f2653cd16681c3.svg,"Individual Data,TV Streaming Rating Data,Sports & Entertainment Data,Retail & Commerce Data"
MediaWallah,"Remarketing Campaigns,Targeted Marketing",https://img-proxy.datarade.net/x80/https://datarade.ams3.cdn.digitaloceanspaces.com/logos/production/vendor/mediawallah_7e3e853ee8a90827.jpg,"Individual Data,Identity Data,Consumer Lifestyle Data,Consumer Survey Data"
MedicoReach,"Targeted Marketing,Trend Forecasting,Lead Scoring",https://img-proxy.datarade.net/x80/https://datarade.ams3.cdn.digitaloceanspaces.com/logos/production/vendor/medicoreach_f58c4a178bb06abf.png,",B2B Data,Industry-Specific Data,Healthcare Data,Wearable Technology Data,Marketing Attribution Data,Economic Data,B2B Marketing Fit Data,Business Registry Data,Clinical Trial Data,Individual Data,B2B Intent Data,IoMT: Internet of Medical Things"
MedMine,"Pricing Optimization,Product Performance Forecasting",https://img-proxy.datarade.net/x80/https://datarade.ams3.cdn.digitaloceanspaces.com/logos/production/vendor/medmine.png,"Company Data,Retail & Commerce Data,"
Meteomatics,"Portfolio Management,Product Performance Forecasting,Promotion Planning",https://img-proxy.datarade.net/x80/https://datarade.ams3.cdn.digitaloceanspaces.com/logos/production/vendor/meteomatics_a221edd78e5effb2.png,",Climate and Weather Data,Environmental Data,Energy Data,Agriculture Data"
MetricsDriven,"Account-Based Marketing,Targeted Marketing",https://img-proxy.datarade.net/x80/https://datarade.ams3.cdn.digitaloceanspaces.com/logos/production/vendor/metricsdriven_97baf533d5878107.png,"Hospitality Industry Data,Firmographic Data,B2B Data,Technographics Data,Tourism Data,Web Data,Marketing Attribution Data"
Michelin,,https://img-proxy.datarade.net/x80/https://datarade.ams3.cdn.digitaloceanspaces.com/logos/production/vendor/michelin_0be617d9458840c9.png,Automotive Industry Data
Mintec Global,"Pricing Optimization,Supply Chain Management",https://img-proxy.datarade.net/x80/https://datarade.ams3.cdn.digitaloceanspaces.com/logos/production/vendor/mintec-global_38ca09fa05062ca0.png,"Retail & Commerce Data,Product Review Data,,Industry-Specific Data"
Mirage,,https://img-proxy.datarade.net/x80/https://datarade.ams3.cdn.digitaloceanspaces.com/logos/production/vendor/mirage_726a7eb9c80edfec.jpeg,
MixRank,,https://img-proxy.datarade.net/x80/https://datarade.ams3.cdn.digitaloceanspaces.com/logos/production/vendor/mixrank_116f08f0a4d49e10.png,Online/Mobile Data
MoMAGIC,Targeted Marketing,https://img-proxy.datarade.net/x80/https://datarade.ams3.cdn.digitaloceanspaces.com/logos/production/vendor/momagic_ec8ad6fe3f281b2a.png,"Individual Data,App Data"
Money Dashboard,"Trend Forecasting,Portfolio Management",https://img-proxy.datarade.net/x80/https://datarade.ams3.cdn.digitaloceanspaces.com/logos/production/vendor/money-dashboard.png,"Individual Data,Retail & Commerce Data,Consumer Survey Data,Consumer Lifestyle Data"
Multimedia Lists,Online and Social Media Performance Tracking,https://img-proxy.datarade.net/x80/https://datarade.ams3.cdn.digitaloceanspaces.com/logos/production/vendor/multimedia-lists_83a557d540d48a84.png,"Retail & Commerce Data,Individual Data,Consumer Lifestyle Data,Real Estate Investment Data,Political Poll Data,Automotive Industry Data,IP Data,Economic Data,Business Credit Rating Data,Real Estate Data,,Social Data,Email Data"
Netlas.io,"Cybersecurity Posture,Competitor Analysis",https://img-proxy.datarade.net/x80/https://datarade.ams3.cdn.digitaloceanspaces.com/logos/production/vendor/netlas_fe69db349731e753.png,"SEO & Web Advertising Data,Business Registry Data,IP Data,Website Data"
NetWise,"Online and Social Media Performance Tracking,Account-Based Marketing,Targeted Marketing",https://img-proxy.datarade.net/x80/https://datarade.ams3.cdn.digitaloceanspaces.com/logos/production/vendor/netwise-data_396f7ec68b9422bc.png,"Marketing Attribution Data,B2B Marketing Fit Data,B2B Data,,Company Data"
New Change FX,"Algo-Trading,Cryptocurrency Investment Strategy,Supplier Risk,Hedge Fund Management,Portfolio Management",https://img-proxy.datarade.net/x80/https://datarade.ams3.cdn.digitaloceanspaces.com/logos/production/vendor/new-change-fx_6d0cfc88cbfe7d99.jpg,"Economic Data,Foreign Exchange Market Data,,Stock & Market Data,Trade Data"
Nikkei Market Data,"AI Financial Planning Program,Predictive Maintenance,Trend Forecasting,Algo-Trading",https://img-proxy.datarade.net/x80/https://datarade.ams3.cdn.digitaloceanspaces.com/logos/production/vendor/nikkei_351c2d88b260696f.jpeg,",Retail & Commerce Data,Consumer Lifestyle Data,Environmental Data,News Data,Stock & Market Data"
OceanFrogs,Targeted Marketing,https://img-proxy.datarade.net/x80/https://datarade.ams3.cdn.digitaloceanspaces.com/logos/production/vendor/oceanfrogs_7e31567a23c2e8ac.jpeg,"B2B Data,Technographics Data,"
OikoLab Weather,"Promotion Planning,AI Financial Planning Program,Product Performance Forecasting",https://img-proxy.datarade.net/x80/https://datarade.ams3.cdn.digitaloceanspaces.com/logos/production/vendor/oikolab-weather_dad9c01f91594661.jpeg,Climate and Weather Data
Olsen Data,"Supplier Risk,Portfolio Management,Algo-Trading,Hedge Fund Management",https://img-proxy.datarade.net/x80/https://datarade.ams3.cdn.digitaloceanspaces.com/logos/production/vendor/olsen-data_f515d0f69c4dcea6.jpeg,"Foreign Exchange Market Data,Commodity Market Data,Stock & Market Data,Economic Data"
Olvin,"Predictive Maintenance,Geospatial Effort Prioritization/Store Location Planning",https://img-proxy.datarade.net/x80/https://datarade.ams3.cdn.digitaloceanspaces.com/logos/production/vendor/olvin_625bd43d5fc9ec5a.png,"Retail & Commerce Data,Foot Traffic Data,Tourism Data"
OnAudience,"Behavioral Targeting,Online and Social Media Performance Tracking,Targeted Marketing",https://img-proxy.datarade.net/x80/https://datarade.ams3.cdn.digitaloceanspaces.com/logos/production/vendor/onaudience-com.jpg,"Demographic Data,Website Traffic Data,Individual Data,,App Data"
Open People Search,,https://img-proxy.datarade.net/x80/https://datarade.ams3.cdn.digitaloceanspaces.com/logos/production/vendor/open-people-search_ffbbcba93b0a2598.png,"Email Data,Consumer Lifestyle Data,"
OpenAVN,"Supplier Risk,Hedge Fund Management",https://img-proxy.datarade.net/x80/https://datarade.ams3.cdn.digitaloceanspaces.com/logos/production/vendor/openavn_105b35d8475e2b13.jpeg,"IP Data,Political Data,Economic Data"
Oscar Research,Account-Based Marketing,https://img-proxy.datarade.net/x80/https://datarade.ams3.cdn.digitaloceanspaces.com/logos/production/vendor/oscar-research_23ed09bc3ff04f90.jpg,"Real Estate Data,Political Data,"
Outlogic,"Cybersecurity Posture,Targeted Marketing",https://img-proxy.datarade.net/x80/https://datarade.ams3.cdn.digitaloceanspaces.com/logos/production/vendor/x-mode_ada3bb1995844a01.jpeg,"GPS Data,Location Data,,Sports & Entertainment Data,Consumer Lifestyle Data,Online/Mobile Data"
Outwardmedia,Account-Based Marketing,https://img-proxy.datarade.net/x80/https://datarade.ams3.cdn.digitaloceanspaces.com/logos/production/vendor/outwardmedia_9b055c6a2577aba4.png,"B2B Intent Data,B2B Data,"
Owl Analytics,"Supplier Risk,Algo-Trading",https://img-proxy.datarade.net/x80/https://datarade.ams3.cdn.digitaloceanspaces.com/logos/production/vendor/owl-analytics.png,"Environmental Data,Economic Data"
Oxylabs,"Product Performance Forecasting,V2X Technology",https://img-proxy.datarade.net/x80/https://datarade.ams3.cdn.digitaloceanspaces.com/logos/production/vendor/oxylabs_99892f3a16e4707a.png,"SEO & Web Advertising Data,Automotive Industry Data,Retail & Commerce Data,Real Estate Data,Economic Data,Tourism Data,Social Data,Business Registry Data,Stock & Market Data,C2C E-Commerce Data,Web Data"
Petabite,,https://img-proxy.datarade.net/x80/https://datarade.ams3.cdn.digitaloceanspaces.com/logos/production/vendor/petabite-gmbh_6b5d77c6ce2c18cf.jpeg,"Maritime Industry Data,Satellite Data"
Photon Commerce,"AI Financial Planning Program,Portfolio Management",https://img-proxy.datarade.net/x80/https://datarade.ams3.cdn.digitaloceanspaces.com/logos/production/vendor/photon-commerce_47e1c53e16ffe50d.jpg,",Retail & Commerce Data,Email Data,B2B Data"
Pi Financial Services Intelligence,"Competitor Analysis,Hedge Fund Management",https://img-proxy.datarade.net/x80/https://datarade.ams3.cdn.digitaloceanspaces.com/logos/production/vendor/pi-financial-services-intelligence_cc65f8e1f5f584cc.png,"Legal and IP Data,Economic Data,Web Data,Employment Data,Company Data"
Picasso,Online and Social Media Performance Tracking,https://img-proxy.datarade.net/x80/https://datarade.ams3.cdn.digitaloceanspaces.com/logos/production/vendor/picasso_c156e8e3a6260ad7.png,"Social Data,News Data,Economic Data"
Predik Data-driven,"Online and Social Media Performance Tracking,Competitor Analysis,Behavioral Targeting,Pricing Optimization,Portfolio Management,Trend Forecasting",https://img-proxy.datarade.net/x80/https://datarade.ams3.cdn.digitaloceanspaces.com/logos/production/vendor/centralamericadata_7e56d4b174f44823.jpeg,"Construction Industry Data,Individual Data,Tourism Data,Marketing Attribution Data,Retail & Commerce Data,Location Data,Automotive Industry Data,,Economic Data,Social Data,Web Data,Trade Data,B2B Data,Real Estate Data"
Prominent Contact,,https://img-proxy.datarade.net/x80/https://datarade.ams3.cdn.digitaloceanspaces.com/logos/production/vendor/prominent-contact_3344beb8173a1477.png,",Business Registry Data,B2B Data"
ProspectNow,,https://img-proxy.datarade.net/x80/https://datarade.ams3.cdn.digitaloceanspaces.com/logos/production/vendor/prospectnow_91c40bf9c29545a2.png,Real Estate Data
PTV Group,"Targeted Marketing,Geospatial Effort Prioritization/Store Location Planning,Traffic Management",https://img-proxy.datarade.net/x80/https://datarade.ams3.cdn.digitaloceanspaces.com/logos/production/vendor/ptv-group_7a644c6f86a19f9c.jpeg,"Location Data,Tourism Data,Retail & Commerce Data,Industry-Specific Data,,Automotive Industry Data,Traffic and Routing Data"
Pudof,"Smart Ship,Supplier Risk",https://img-proxy.datarade.net/x80/https://datarade.ams3.cdn.digitaloceanspaces.com/logos/production/vendor/pudof_44b57aba4601db02.jpeg,"Maritime Industry Data,Property Ownership Data"
Pynk,"Algo-Trading,Portfolio Management,Hedge Fund Management",https://img-proxy.datarade.net/x80/https://datarade.ams3.cdn.digitaloceanspaces.com/logos/production/vendor/pynk_d303ced28545a9cf.png,"Commodity Market Data,Economic Data,,Stock & Market Data"
Quant IP,Portfolio Management,https://img-proxy.datarade.net/x80/https://datarade.ams3.cdn.digitaloceanspaces.com/logos/production/vendor/quant-ip_a18357510ef384cd.png,"Company Data,Patent Data,Economic Data"
QUICK,Supplier Risk,https://img-proxy.datarade.net/x80/https://datarade.ams3.cdn.digitaloceanspaces.com/logos/production/vendor/quick_9fb6b297e7858455.jpg,"Stock & Market Data,Business Credit Rating Data,Economic Data,"
Rabbu,"Property Future Value & Mortgage Value Assessment,Competitor Analysis",https://img-proxy.datarade.net/x80/https://datarade.ams3.cdn.digitaloceanspaces.com/logos/production/vendor/rabbu_30737b9c1d11d5e0.jpeg,"Real Estate Data,Real Estate Investment Data"
Radius+,"Supply Chain Management,Product Performance Forecasting",https://img-proxy.datarade.net/x80/https://datarade.ams3.cdn.digitaloceanspaces.com/logos/production/vendor/Radius%2B_f106c5722b1eea88.png,"B2B Intent Data,Retail & Commerce Data,Demographic Data"
RampedUp Global Data Solutions,"Account-Based Marketing,Online and Social Media Performance Tracking",https://img-proxy.datarade.net/x80/https://datarade.ams3.cdn.digitaloceanspaces.com/logos/production/vendor/1430.png,"Email Data,Business Registry Data,B2B Data,Social Data,Company Data,"
RDA Index,"Cryptocurrency Investment Strategy,Hedge Fund Management,Pricing Optimization,Supplier Risk",https://img-proxy.datarade.net/x80/https://datarade.ams3.cdn.digitaloceanspaces.com/logos/production/vendor/rda-index_fbc1501dcc602899.png,"Consumer Survey Data,,Stock & Market Data,Retail & Commerce Data"
Reality Research,"Portfolio Management,Algo-Trading,Hedge Fund Management",https://img-proxy.datarade.net/x80/https://datarade.ams3.cdn.digitaloceanspaces.com/logos/production/vendor/reality-research_fc27c49d5f8bd650.png,"Real Estate Data,Real Estate Investment Data,Stock & Market Data,Economic Data"
RegAlytics,Supplier Risk,https://img-proxy.datarade.net/x80/https://datarade.ams3.cdn.digitaloceanspaces.com/logos/production/vendor/regalytics_bf2293f327496e13.jpeg,",Environmental Data,Political Data,Economic Data"
regulation technologies,,https://img-proxy.datarade.net/x80/https://datarade.ams3.cdn.digitaloceanspaces.com/logos/production/vendor/regulation-technologies_9e7188635981a3fe.jpeg,"B2B Intent Data,,Business Registry Data,Company Data"
Reklaim,"MFA Security,Targeted Marketing,Lead Scoring,Mobile App Development",https://img-proxy.datarade.net/x80/https://datarade.ams3.cdn.digitaloceanspaces.com/logos/production/vendor/killi_448e190b4237278c.jpeg,"Online/Mobile Data,IP Data,Cross-Device Identity Data,App Data,,Consumer Lifestyle Data,Consumer Survey Data,Identity Data,Individual Data"
Reomnify,Property Future Value & Mortgage Value Assessment,https://img-proxy.datarade.net/x80/https://datarade.ams3.cdn.digitaloceanspaces.com/logos/production/vendor/reomnify_96ba20874e20106d.png,"Real Estate Data,Stock & Market Data,Location Data,Real Estate Investment Data,Economic Data"
Retargetly,"Remarketing Campaigns,Targeted Marketing",https://img-proxy.datarade.net/x80/https://datarade.ams3.cdn.digitaloceanspaces.com/logos/production/vendor/retargetly_eaa64ac9ad534435.svg,"Demographic Data,Identity Data,Individual Data,Website Data,Location Data,Marketing Attribution Data,App Data,,Consumer Lifestyle Data"
RIMES Technologies,"Supplier Risk,B2B Credit Risk,Hedge Fund Management",https://img-proxy.datarade.net/x80/https://datarade.ams3.cdn.digitaloceanspaces.com/logos/production/vendor/rimes-technologies_7d18cc4e1ae1fadd.png,"Economic Data,Stock & Market Data"
RingLead,Lead Scoring,https://img-proxy.datarade.net/x80/https://datarade.ams3.cdn.digitaloceanspaces.com/logos/production/vendor/broadlook-ringlead_913a89e5b74bb025.svg,"Individual Data,B2B Data,Firmographic Data,Company Data,"
Risklio,"Algo-Trading,Hedge Fund Management,Supplier Risk,Portfolio Management",https://img-proxy.datarade.net/x80/https://datarade.ams3.cdn.digitaloceanspaces.com/logos/production/vendor/risklio_8c3ce62ae3f4e8fb.png,"Trade Data,Stock & Market Data,,Economic Data"
RIWI,"Product Performance Forecasting,Trend Forecasting,Portfolio Management,Predictive Maintenance",https://img-proxy.datarade.net/x80/https://datarade.ams3.cdn.digitaloceanspaces.com/logos/production/vendor/riwi-data_aa5b945acc5edb79.jpg,"Individual Data,Legal and IP Data,,Social Media Sentiment Data,Economic Data,Consumer Lifestyle Data"
Rocks & Gold,"Account-Based Marketing,Competitor Analysis",https://img-proxy.datarade.net/x80/https://datarade.ams3.cdn.digitaloceanspaces.com/logos/production/vendor/rocks-gold_e961296c92b3f707.jpeg,"B2B Intent Data,Employment Data,Technographics Data,Company Data,Economic Data,B2B Data"
RootMetrics,"Trend Forecasting,Hedge Fund Management,V2X Technology",https://img-proxy.datarade.net/x80/https://datarade.ams3.cdn.digitaloceanspaces.com/logos/production/vendor/rootmetrics_5c04f7c2fed1b024.png,"Automotive Industry Data,"
Roq.ad,,https://img-proxy.datarade.net/x80/https://datarade.ams3.cdn.digitaloceanspaces.com/logos/production/vendor/roq-ad.jpg,"Identity Data,Cross-Device Identity Data,Individual Data"
Royal Map,,https://img-proxy.datarade.net/x80/https://datarade.ams3.cdn.digitaloceanspaces.com/logos/production/vendor/royal-map_d16e123be2aef7bc.png,"Map Data,Tourism Data,Retail & Commerce Data,Healthcare Data,Agriculture Data,,Economic Data"
RoyaltyStat,,https://img-proxy.datarade.net/x80/https://datarade.ams3.cdn.digitaloceanspaces.com/logos/production/vendor/royaltystat_6718ca0e3b957aaa.png,"Legal and IP Data,Patent Data,Economic Data"
RS Metrics,Waste Management System,https://img-proxy.datarade.net/x80/https://datarade.ams3.cdn.digitaloceanspaces.com/logos/production/vendor/rs-metrics_ae6dc7f541d79f60.jpg,"Climate and Weather Data,,Environmental Data"
Rubix Data Sciences,"Supplier Risk,B2B Credit Risk,Supply Chain Management",https://img-proxy.datarade.net/x80/https://datarade.ams3.cdn.digitaloceanspaces.com/logos/production/vendor/rubix_59137e197fb46a64.jpeg,"Company Data,Business Registry Data,Business Credit Rating Data,,Firmographic Data"
Salutary Data,,https://img-proxy.datarade.net/x80/https://datarade.ams3.cdn.digitaloceanspaces.com/logos/production/vendor/salutary-data_a4d5c795b35108cb.JPG,"B2B Data,Employment Data"
ScaleCampaign,"Property Future Value & Mortgage Value Assessment,Campaign Strategy,Supplier Risk,Trend Forecasting,Lead Scoring,Account-Based Marketing,Online and Social Media Performance Tracking",https://img-proxy.datarade.net/x80/https://datarade.ams3.cdn.digitaloceanspaces.com/logos/production/vendor/walklists_8d7d5a653236b19e.jpeg,"Consumer Lifestyle Data,Individual Data,Real Estate Investment Data,Political Poll Data,Real Estate Data,Automotive Industry Data,,Political Data"
Scanlife,,https://img-proxy.datarade.net/x80/https://datarade.ams3.cdn.digitaloceanspaces.com/logos/production/vendor/scanlife-by-scanbuy_55db02e18e924fd0.PNG,"Retail & Commerce Data,,Company Data,Demographic Data"
Scrapehero,,https://img-proxy.datarade.net/x80/https://datarade.ams3.cdn.digitaloceanspaces.com/logos/production/vendor/scrapehero.png,",Employment Data,C2C E-Commerce Data,Company Data,Website Data"
Sensefolio,,https://img-proxy.datarade.net/x80/https://datarade.ams3.cdn.digitaloceanspaces.com/logos/production/vendor/sense-folio_07b5efbd282a2e60.jpg,"Environmental Data,Energy Data,Company Data,Economic Data"
Sentifi,"Supplier Risk,Hedge Fund Management",https://img-proxy.datarade.net/x80/https://datarade.ams3.cdn.digitaloceanspaces.com/logos/production/vendor/sentifi_86c956d907b208e4.png,"Social Media Sentiment Data,Environmental Data,Social Data,Economic Data"
SerpApi,"Pricing Optimization,Competitor Analysis",https://img-proxy.datarade.net/x80/https://datarade.ams3.cdn.digitaloceanspaces.com/logos/production/vendor/serpapi_80c93b2ac61f848d.png,"SEO & Web Advertising Data,,Web Data"
Serpstat,"Product Performance Forecasting,Competitor Analysis",https://img-proxy.datarade.net/x80/https://datarade.ams3.cdn.digitaloceanspaces.com/logos/production/vendor/serpstat_c66273b8692bd925.png,"Web Data,Website Data,Website Traffic Data,SEO & Web Advertising Data"
SETLD,,https://img-proxy.datarade.net/x80/https://datarade.ams3.cdn.digitaloceanspaces.com/logos/production/vendor/setld_e927c3d5339f687e.png,"Energy Data,"
sferro,"MFA Security,Targeted Marketing,Persona Detection/Segmentation,Supplier Risk,Online and Social Media Performance Tracking",https://img-proxy.datarade.net/x80/https://datarade.ams3.cdn.digitaloceanspaces.com/logos/production/vendor/sferro_3d852e2f301ae8ae.jpeg,"Demographic Data,Marketing Attribution Data,Individual Data,,Consumer Lifestyle Data,Identity Data"
ShAIp,"AI Chatbots,V2X Technology",https://img-proxy.datarade.net/x80/https://datarade.ams3.cdn.digitaloceanspaces.com/logos/production/vendor/shaip_938567f622c41160.jpg,"Medical Imagery Data,Healthcare Data,,Patient Data,EHR Data,Retail & Commerce Data,Clinical Trial Data"
ShipsDNA,"Smart Ship,Lead Scoring,Supply Chain Management,Portfolio Management,Supplier Risk",https://img-proxy.datarade.net/x80/https://datarade.ams3.cdn.digitaloceanspaces.com/logos/production/vendor/shipsdna_9e31044f797c0b43.jpeg,"Business Registry Data,B2B Data,B2B Marketing Fit Data,Maritime Industry Data,Industry-Specific Data,Company Data,"
Shopgram,"Product Performance Forecasting,Account-Based Marketing",https://img-proxy.datarade.net/x80/https://datarade.ams3.cdn.digitaloceanspaces.com/logos/production/vendor/shopgram_c018e44db3a0d22e.jpeg,"B2B Data,B2B Marketing Fit Data,"
Show!,Persona Detection/Segmentation,https://img-proxy.datarade.net/x80/https://datarade.ams3.cdn.digitaloceanspaces.com/logos/production/vendor/show_606462c582cc98b8.jpeg,TV Streaming Rating Data
SIGWATCH,Algo-Trading,https://img-proxy.datarade.net/x80/https://datarade.ams3.cdn.digitaloceanspaces.com/logos/production/vendor/sigwatch_dcc89e2496b4b03c.jpg,"Environmental Data,,Economic Data"
Skuuudle,"Pricing Optimization,Competitor Analysis",https://img-proxy.datarade.net/x80/https://datarade.ams3.cdn.digitaloceanspaces.com/logos/production/vendor/skuuudle_dc07bc3f145a65b6.png,"Retail & Commerce Data,,C2C E-Commerce Data,Web Data"
Slintel,Lead Scoring,https://img-proxy.datarade.net/x80/https://datarade.ams3.cdn.digitaloceanspaces.com/logos/production/vendor/slintel_f8e1626c0526c609.png,"B2B Intent Data,"
SMARTe,Account-Based Marketing,https://img-proxy.datarade.net/x80/https://datarade.ams3.cdn.digitaloceanspaces.com/logos/production/vendor/17156676_G.png,"B2B Data,B2B Marketing Fit Data,Marketing Attribution Data,Company Data"
Snapbizz,Competitor Analysis,https://img-proxy.datarade.net/x80/https://datarade.ams3.cdn.digitaloceanspaces.com/logos/production/vendor/snapbizz_14e90963df8b02f7.png,"Retail & Commerce Data,Company Data,Product Review Data"
Social Market Analytics,Algo-Trading,https://img-proxy.datarade.net/x80/https://datarade.ams3.cdn.digitaloceanspaces.com/logos/production/vendor/social-market-analytics.png,",Social Data,Legal and IP Data"
Social Subsidy,Hedge Fund Management,https://img-proxy.datarade.net/x80/https://datarade.ams3.cdn.digitaloceanspaces.com/logos/production/vendor/social-subsidy_2afd5d6023c6c990.JPG,"Economic Data,Environmental Data,Stock & Market Data"
SocialSentiment.io,"Portfolio Management,Hedge Fund Management",https://img-proxy.datarade.net/x80/https://datarade.ams3.cdn.digitaloceanspaces.com/logos/production/vendor/socialsentiment-io_40b2deecda42daba.png,"Social Media Sentiment Data,Social Data,Stock & Market Data"
Soleadify,,https://img-proxy.datarade.net/x80/https://datarade.ams3.cdn.digitaloceanspaces.com/logos/production/vendor/soleadify_53d291aa20d3fada.jpeg,"B2B Data,,Business Registry Data"
Solipay,"Trend Forecasting,Persona Detection/Segmentation,Targeted Marketing",https://img-proxy.datarade.net/x80/https://datarade.ams3.cdn.digitaloceanspaces.com/logos/production/vendor/solipay_0808bc2810c31389.png,"Web Data,Website Traffic Data,Email Data,Consumer Lifestyle Data,Demographic Data"
Sovrn,,https://img-proxy.datarade.net/x80/https://datarade.ams3.cdn.digitaloceanspaces.com/logos/production/vendor/sovrn_82f5f8673c1f7624.png,"Economic Data,Individual Data"
Span Global Services,Account-Based Marketing,https://img-proxy.datarade.net/x80/https://datarade.ams3.cdn.digitaloceanspaces.com/logos/production/vendor/span-global-services_fd0fb2ab64e90e2d.jpg,",B2B Data,Firmographic Data,B2B Intent Data,B2B Marketing Fit Data,Business Registry Data,Technographics Data,Healthcare Data,Employment Data"
SpazioDati,,https://img-proxy.datarade.net/x80/https://datarade.ams3.cdn.digitaloceanspaces.com/logos/production/vendor/spaziodati_44f69f5848011161.jpg,"Social Data,Website Data"
Speedeon Data,"Targeted Marketing,Persona Detection/Segmentation,Online and Social Media Performance Tracking",https://img-proxy.datarade.net/x80/https://datarade.ams3.cdn.digitaloceanspaces.com/logos/production/vendor/speedeon-data_41973fb9b2c36626.png,"Consumer Lifestyle Data,Demographic Data,Individual Data,,Marketing Attribution Data,Real Estate Data"
Spiceworks Ziff Davis (SWZD),Account-Based Marketing,https://img-proxy.datarade.net/x80/https://datarade.ams3.cdn.digitaloceanspaces.com/logos/production/vendor/spiceworksziffdavis_097ceab75ef6d0a3.png,"B2B Intent Data,B2B Marketing Fit Data,B2B Data"
SportMonks,,https://img-proxy.datarade.net/x80/https://datarade.ams3.cdn.digitaloceanspaces.com/logos/production/vendor/sportmonks_ab92a6f6087a09bb.png,"Esports Data,Stock & Market Data,Sports Betting Data"
StageZero,,https://img-proxy.datarade.net/x80/https://datarade.ams3.cdn.digitaloceanspaces.com/logos/production/vendor/stagezero_c5f430f1426c2c45.jpeg,",Employment Data"
Stamdata,Portfolio Management,https://img-proxy.datarade.net/x80/https://datarade.ams3.cdn.digitaloceanspaces.com/logos/production/vendor/stamdata_2d53de02463ced3d.png,"Economic Data,,Employment Data,Stock & Market Data,Company Data"
start.io,"Targeted Marketing,Competitor Analysis,Hedge Fund Management",https://img-proxy.datarade.net/x80/https://datarade.ams3.cdn.digitaloceanspaces.com/logos/production/vendor/startapp-soda_9f30a44579e271b7.png,"App Data,,Online/Mobile Data,Location Data,Individual Data,Company Data,IP Data,Identity Data"
StockPulse,"AI Financial Planning Program,Portfolio Management",https://img-proxy.datarade.net/x80/https://datarade.ams3.cdn.digitaloceanspaces.com/logos/production/vendor/stockpulse_1130f1c9c960c136.png,"Economic Data,"
Storm Glass,Smart Ship,https://img-proxy.datarade.net/x80/https://datarade.ams3.cdn.digitaloceanspaces.com/logos/production/vendor/storm-glass_f9700a863380f114.png,"Climate and Weather Data,"
Sulpetro,"Supply Chain Management,Portfolio Management,Pricing Optimization",https://img-proxy.datarade.net/x80/https://datarade.ams3.cdn.digitaloceanspaces.com/logos/production/vendor/sulpetro_6bd5895b462cf44e.png,"Commodity Market Data,,B2B Intent Data,B2B Marketing Fit Data,Energy Data,Industry-Specific Data"
Sustainable Platform,"Supplier Risk,Portfolio Management,Hedge Fund Management",https://img-proxy.datarade.net/x80/https://datarade.ams3.cdn.digitaloceanspaces.com/logos/production/vendor/sustainable-platform_06d183d2e1d98a9e.png,"Environmental Data,Climate and Weather Data,,Company Data"
Swash,,https://img-proxy.datarade.net/x80/https://datarade.ams3.cdn.digitaloceanspaces.com/logos/production/vendor/swash_6c3512549b39149d.png,"SEO & Web Advertising Data,"
TagX,,https://img-proxy.datarade.net/x80/https://datarade.ams3.cdn.digitaloceanspaces.com/logos/production/vendor/tagx_e68fb217915887f6.png,"Automotive Industry Data,Economic Data,Retail & Commerce Data"
Tamoco,"Targeted Marketing,Portfolio Management",https://img-proxy.datarade.net/x80/https://datarade.ams3.cdn.digitaloceanspaces.com/logos/production/vendor/tamoco_4be894330c019d6f.png,"Location Data,Online/Mobile Data,,Foot Traffic Data"
TAUS,AI Language Learning Programs,https://img-proxy.datarade.net/x80/https://datarade.ams3.cdn.digitaloceanspaces.com/logos/production/vendor/taus_a00e5c81fb3b400f.jpeg,",Legal Case Data,C2C E-Commerce Data"
Technology Evaluation Centers (TEC),"Lead Scoring,Account-Based Marketing",https://img-proxy.datarade.net/x80/https://datarade.ams3.cdn.digitaloceanspaces.com/logos/production/vendor/technology-evaluation-centers-tec_23ab9ca7c112a597.png,"B2B Data,Business Registry Data"
Techsalerator,Targeted Marketing,https://img-proxy.datarade.net/x80/https://datarade.ams3.cdn.digitaloceanspaces.com/logos/production/vendor/techsalerator_d31bac0c1d70047b.jpeg,"B2B Data,Firmographic Data,Individual Data,Business Registry Data,Website Data,B2B Marketing Fit Data,,Company Data,Demographic Data"
Televisory,"Portfolio Management,Hedge Fund Management",https://img-proxy.datarade.net/x80/https://datarade.ams3.cdn.digitaloceanspaces.com/logos/production/vendor/televisory_fffac8ffaf8ff1c5.png,"Economic Data,Retail & Commerce Data,Company Data,Firmographic Data,Energy Data,Industry-Specific Data,Stock & Market Data"
Teragence,,https://img-proxy.datarade.net/x80/https://datarade.ams3.cdn.digitaloceanspaces.com/logos/production/vendor/teragence_7f0e9cbce6c382df.png,
The Data Appeal Company,,https://img-proxy.datarade.net/x80/https://datarade.ams3.cdn.digitaloceanspaces.com/logos/production/vendor/the-data-appeal-company_54bf5f48579fd719.png,"Company Data,Social Media Sentiment Data,"
The Data Group,,https://img-proxy.datarade.net/x80/https://datarade.ams3.cdn.digitaloceanspaces.com/logos/production/vendor/the-data-group_c0a4c3a37cdb6a85.png,"Individual Data,Cross-Device Identity Data,Real Estate Data,Real Estate Investment Data,,Identity Data"
The Economist Intelligence Unit,Promotion Planning,https://img-proxy.datarade.net/x80/https://datarade.ams3.cdn.digitaloceanspaces.com/logos/production/vendor/the-economist-intelligence-unit_1b99a6390b534f79.png,Healthcare Data
The Warren Group,,https://img-proxy.datarade.net/x80/https://datarade.ams3.cdn.digitaloceanspaces.com/logos/production/vendor/the-warren-group_6b556e95e5576189.jpeg,Real Estate Data
TheSports,,https://img-proxy.datarade.net/x80/https://datarade.ams3.cdn.digitaloceanspaces.com/logos/production/vendor/thesports_dfdf8729dc505e2b.jpeg,"Esports Data,Stock & Market Data,Sports Betting Data"
ThinkCX,"Targeted Marketing,Marketing Localization Strategy,Online and Social Media Performance Tracking",https://img-proxy.datarade.net/x80/https://datarade.ams3.cdn.digitaloceanspaces.com/logos/production/vendor/thinkcx_9d7a555a537eb98b.png,"Demographic Data,,Marketing Attribution Data"
Throtle,"MFA Security,Trend Forecasting,Targeted Marketing,Online and Social Media Performance Tracking",https://img-proxy.datarade.net/x80/https://datarade.ams3.cdn.digitaloceanspaces.com/logos/production/vendor/throtle_e243a1b0486bdf18.png,"Individual Data,Demographic Data,,Identity Data,TV Streaming Rating Data,Sports & Entertainment Data,Consumer Lifestyle Data"
TL1,"Online and Social Media Performance Tracking,Trend Forecasting",https://img-proxy.datarade.net/x80/https://datarade.ams3.cdn.digitaloceanspaces.com/logos/production/vendor/tl1_a5bad24f349a3891.png,"App Data,Web Data,Online/Mobile Data,Individual Data,Identity Data,Sports & Entertainment Data,Social Data,,Consumer Lifestyle Data"
Topstonks,"Algo-Trading,Portfolio Management,Hedge Fund Management",https://img-proxy.datarade.net/x80/https://datarade.ams3.cdn.digitaloceanspaces.com/logos/production/vendor/topstonks_641140c64d13e89a.png,",Trade Data,Stock & Market Data,Economic Data"
TovoData,"Targeted Marketing,Lead Scoring,Property Future Value & Mortgage Value Assessment",https://img-proxy.datarade.net/x80/https://datarade.ams3.cdn.digitaloceanspaces.com/logos/production/vendor/tovodata_51085b74e4c81eee.png,"Real Estate Data,,Individual Data,Legal and IP Data,Marketing Attribution Data,Real Estate Investment Data"
Tradefeeds,"Portfolio Management,Hedge Fund Management,Competitor Analysis",https://img-proxy.datarade.net/x80/https://datarade.ams3.cdn.digitaloceanspaces.com/logos/production/vendor/tradefeeds_8a425c976d403c4c.jpg,"Business Credit Rating Data,Economic Data,Stock & Market Data,Business Registry Data,Company Data,"
Trading Volatility,"Supplier Risk,Portfolio Management",https://img-proxy.datarade.net/x80/https://datarade.ams3.cdn.digitaloceanspaces.com/logos/production/vendor/trading-volatility_055c6a19b3211373.png,"Legal and IP Data,Stock & Market Data,Trade Data,Economic Data"
Traject Data,,https://img-proxy.datarade.net/x80/https://datarade.ams3.cdn.digitaloceanspaces.com/logos/production/vendor/traject_20367db7d2f76fcb.svg,"SEO & Web Advertising Data,Individual Data,,Political Data,Healthcare Data,Web Data"
TRAK Data,Targeted Marketing,https://img-proxy.datarade.net/x80/https://datarade.ams3.cdn.digitaloceanspaces.com/logos/production/vendor/trak-data_1900c64d3fbbc28b.jpeg,"Consumer Lifestyle Data,Individual Data,Political Poll Data,Marketing Attribution Data,Automotive Industry Data,Political Data,IP Data,Real Estate Data,,Demographic Data,Email Data"
Transparent Data,"Supplier Risk,B2B Credit Risk",https://img-proxy.datarade.net/x80/https://datarade.ams3.cdn.digitaloceanspaces.com/logos/production/vendor/transparent-data_eecb61b3e71e9dec.png,"Business Registry Data,Consumer Lifestyle Data,,Company Data,Political Data"
TripleOak,Algo-Trading,https://img-proxy.datarade.net/x80/https://datarade.ams3.cdn.digitaloceanspaces.com/logos/production/vendor/tripleoak_7f898954694dae94.jpeg,"Stock & Market Data,Company Data"
Triquantity,,https://img-proxy.datarade.net/x80/https://datarade.ams3.cdn.digitaloceanspaces.com/logos/production/vendor/triquantity_94a974644d8b9df3.jpeg,"Economic Data,Real Estate Data,Industry-Specific Data"
Twelve Data,"Supplier Risk,Algo-Trading",https://img-proxy.datarade.net/x80/https://datarade.ams3.cdn.digitaloceanspaces.com/logos/production/vendor/twelve-data_306d8d69509d1ea7.png,"Stock & Market Data,Foreign Exchange Market Data,Economic Data,"
USLandGrid,,https://img-proxy.datarade.net/x80/https://datarade.ams3.cdn.digitaloceanspaces.com/logos/production/vendor/uslandgrid_d6d5044ce0ffbdf8.jpeg,"Legal and IP Data,Real Estate Data,"
Venturecap Insights,"Hedge Fund Management,Portfolio Management",https://img-proxy.datarade.net/x80/https://datarade.ams3.cdn.digitaloceanspaces.com/logos/production/vendor/venturecap-insights_159df82a94cc57e6.jpeg,"Business Credit Rating Data,,Email Data,Business Registry Data,Company Data"
Versium,Targeted Marketing,https://img-proxy.datarade.net/x80/https://datarade.ams3.cdn.digitaloceanspaces.com/logos/production/vendor/versium_5d076dcd3fac7a03.png,"Business Registry Data,B2B Data,Firmographic Data,IP Data,Website Data"
ViralMoment,Trend Forecasting,https://img-proxy.datarade.net/x80/https://datarade.ams3.cdn.digitaloceanspaces.com/logos/production/vendor/viralmoment_cbb25edfb64bf36f.png,"Social Data,Individual Data,,Stock & Market Data"
Virtual World Computing,"Lead Scoring,Targeted Marketing",https://img-proxy.datarade.net/x80/https://datarade.ams3.cdn.digitaloceanspaces.com/logos/production/vendor/viritual-world-computing_5b141a4db416e275.jpeg,",Email Data,Demographic Data,Psychographics Data"
Wersel Brand Analytics,"Product Performance Forecasting,Competitor Analysis,Pricing Optimization",https://img-proxy.datarade.net/x80/https://datarade.ams3.cdn.digitaloceanspaces.com/logos/production/vendor/wersel-brand-analytics_126719069df61130.png,"Hospitality Industry Data,,Economic Data,Tourism Data,Product Review Data,Social Data,Stock & Market Data,App Data,C2C E-Commerce Data,Web Data,Aerospace Industry Data"
X-Byte,"Predictive Maintenance,Online and Social Media Performance Tracking,Competitor Analysis,Behavioral Targeting,Trend Forecasting,Property Future Value & Mortgage Value Assessment,Pricing Optimization,Account-Based Marketing,Targeted Marketing,Price Segmentation Strategy,Hedge Fund Management",https://img-proxy.datarade.net/x80/https://datarade.ams3.cdn.digitaloceanspaces.com/logos/production/vendor/x-byte_c5ba6436f94e1462.png,"Real Estate Data,,Hospitality Industry Data,TV Streaming Rating Data,Social Media Sentiment Data,Economic Data,Retail & Commerce Data,Business Registry Data,Tourism Data,Real Estate Investment Data,Company Data,GPS Data,Sports & Entertainment Data,Automotive Industry Data,Social Data,App Data,C2C E-Commerce Data,Web Data,Individual Data,Aerospace Industry Data,B2B Data"
xavvy,"Pricing Optimization,Competitor Analysis",https://img-proxy.datarade.net/x80/https://datarade.ams3.cdn.digitaloceanspaces.com/logos/production/vendor/incs_4c2fc47c13925de7.png,Energy Data
Yacodata,Portfolio Management,https://img-proxy.datarade.net/x80/https://datarade.ams3.cdn.digitaloceanspaces.com/logos/production/vendor/yacodata_6c2fbc2c5485ec95.png,"Stock & Market Data,Economic Data"
Ziggma,"Portfolio Management,Hedge Fund Management,Algo-Trading",https://img-proxy.datarade.net/x80/https://datarade.ams3.cdn.digitaloceanspaces.com/logos/production/vendor/ziggma_36c1f91fb1ed09f3.png,"Economic Data,Legal and IP Data,Stock & Market Data,"
ZIGRAM,Supplier Risk,https://img-proxy.datarade.net/x80/https://datarade.ams3.cdn.digitaloceanspaces.com/logos/production/vendor/zigram_2467f0d1fec8cfd0.jpeg,"News Data,Environmental Data,Legal Case Data,Economic Data,,Political Data"
